-- phpMyAdmin SQL Dump
-- version 4.9.0.1
-- https://www.phpmyadmin.net/
--
-- Host: 127.0.0.1
-- Generation Time: Sep 22, 2020 at 04:05 PM
-- Server version: 10.3.16-MariaDB
-- PHP Version: 7.3.7

SET SQL_MODE = "NO_AUTO_VALUE_ON_ZERO";
SET AUTOCOMMIT = 0;
START TRANSACTION;
SET time_zone = "+00:00";

--
-- Database: `puzzleapps_db`
--

CREATE TABLE `users` (
     `id` int(12) UNSIGNED NOT NULL AUTO_INCREMENT,
     `email` varchar(128) NOT NULL UNIQUE,
     `password` varchar(200) NOT NULL,
     `role` enum('SUPER_ADMIN', 'ADMIN', 'USER') NOT NULL DEFAULT 'USER',
     `first_name` varchar(128),
     `last_name` varchar(128),
     `active` boolean NOT NULL DEFAULT false,
     `notes` varchar(1000) DEFAULT NULL,
     `created_at` date NOT NULL DEFAULT current_timestamp,
     `modified_at` date NOT NULL DEFAULT current_timestamp,
     `last_login_at` date,
     PRIMARY KEY (id),
     UNIQUE KEY (email)
) AUTO_INCREMENT=7 ENGINE=InnoDB DEFAULT CHARSET=utf8;

INSERT INTO `users` (`id`, `email`, `password`, `role`, `first_name`, `last_name`, `active`) VALUES
(1, 'admin@admin.admin', '$2y$10$WQtaA4BvivKovbQlVyTL0eUWDwZnrEvx.6S..cQwaz5CER7QuIB1e', 'ADMIN', 'Best', 'Admin', true),
(2, 'siva@jasthi.com', '$2y$10$6WJhLi8VkaKuO6dBob8zleY29E2AD1rLy1PDz64JMyi4J2atzy1C.', 'SUPER_ADMIN', 'Siva', 'Jasthi', true),
(3, 'siva@silcmn.com', '$2y$10$zFAG5GBNtf.5BpowMqZSputSLeG8OzfKACpjAMsePjZhu.TnvU/Bu', 'ADMIN', 'Siva', 'Jasthi', true),
(4, 'test@silcmn.com', '$2y$10$zFAG5GBNtf.5BpowMqZSputSLeG8OzfKACpjAMsePjZhu.TnvU/Bu', 'USER', 'SILC', 'Tester', true),
(5, 'cs320@silcmn.com', '$2y$10$zFAG5GBNtf.5BpowMqZSputSLeG8OzfKACpjAMsePjZhu.TnvU/Bu', 'USER', 'SILC', 'CS320', true),
(6, 'ics499@metrostate.edu', '$2y$10$zFAG5GBNtf.5BpowMqZSputSLeG8OzfKACpjAMsePjZhu.TnvU/Bu', 'ADMIN', 'ICS', '499', true);

CREATE TABLE `preferences` (
  `id` int(12) UNSIGNED NOT NULL AUTO_INCREMENT,
  `preference_name` varchar(500) NOT NULL,
  `preference_value` varchar(500) NOT NULL,
  `comments` varchar(1000),
  PRIMARY KEY (id)
) AUTO_INCREMENT=4 ENGINE=InnoDB DEFAULT CHARSET=utf8;

INSERT INTO `preferences` (`id`, `preference_name`, `preference_value`) VALUES
(3, 'puzzlesPerPage', '8');


CREATE TABLE `apps` (
  `id` int(12) UNSIGNED NOT NULL AUTO_INCREMENT,
  `name` varchar(4000) NOT NULL,
  `path` varchar(4000) NOT NULL,
  `description` varchar(5000) DEFAULT NULL,
  `notes` varchar(1000) DEFAULT NULL,
  `inputFromDB` tinyint(1) NOT NULL DEFAULT 0,
  `inputFromUI` tinyint(1) NOT NULL DEFAULT 0,
  `outputToDB` tinyint(1) NOT NULL DEFAULT 0,
  `outputToUI` tinyint(1) NOT NULL DEFAULT 0,
  `developer` varchar(500) DEFAULT NULL,
  `status` tinyint(1) NOT NULL DEFAULT 0,
  `token` varchar(50) NOT NULL,
  `playable` tinyint(1) NOT NULL DEFAULT 0,
  `icon` varchar(250) DEFAULT NULL,
  PRIMARY KEY (id)
) AUTO_INCREMENT=29 ENGINE=InnoDB DEFAULT CHARSET=utf8;

INSERT INTO `apps` (`id`, `name`, `description`, `path`, `notes`, `inputFromDB`, `inputFromUI`, `outputToDB`, `outputToUI`, `developer`, `status`, `token`, `playable`, `icon`) VALUES
(1, 'Vowel Changer', 'The vowels are changing', 'http://localhost/VowelChange/index.php', 'Fun way to learn how vowels change', 0, 0, 0, 0, 'Siva', 1, 'VowelChange/index.php', 1, 'vowels.png'),
(2, 'Dabble (Pyramids)', 'Pyramids Dabble Puzzle', 'http://localhost/Dabble/index.php', 'This is Dabble game.', 0, 0, 0, 0, 'Babatunde', 1, 'Dabble/index.php', 1, 'dabble.png'),
(3, 'Cross Word', 'The words are crossing', 'http://localhost/CrossWord/index.php', 'Fun way to learn words', 0, 0, 0, 0, 'Siva', 1, 'CrossWord/index.php', 1, 'crosswords.png'),
(4, 'Scrambler', 'Scrambler Puzzle', 'http://localhost/Scrambler/index.php', 'This is Scrambler game', 0, 0, 0, 0, 'Babatunde', 1, 'Scrambler/index.php', 1, 'scrambler.jpeg'),
(5, 'Rebus', 'Rebus Puzzle', 'http://localhost/Rebus/index.php', 'This is Rebus game', 0, 0, 0, 0, 'Babatunde', 1, 'Rebus/index.php', 1, 'rebus.png'),
(6, 'Word Find', 'Word Find', 'http://localhost/WordFind/index.html', 'This is Word_Find game', 0, 0, 0, 0, 'Siva', 1, 'WordFind/index.html', 1, 'wordFind.png'),
(7, 'Wordoku', 'Wordoku Puzzle', 'http://localhost/Wordoku/index.php', 'This is Wordoku game', 0, 0, 0, 0, 'Stephen', 1, 'Wordoku/index.php', 1, 'wordoku.png'),
(8, 'CrossWord (Fill-in)', 'Crossword Fill-in', 'http://localhost/Crossword/index.php', 'This is CrossWord Fill-in game', 0, 0, 0, 0, 'Stephen', 1, 'Crossword/index.php', 1, 'join.jpeg'),
(9, 'CrossWord (Classic)', 'Crossword Classic', 'http://localhost/Crossword/index.php', 'This is CrossWord Classic game', 0, 0, 0, 0, 'Babatunde', 1, 'Crossword/index.php', 1, 'join.jpeg'),
(10, 'CrossWord (Skeleton)', 'Crossword Skeleton', 'http://localhost/Crossword/index.php', 'This is CrossWord Skeleton game', 0, 0, 0, 0, 'Babatunde', 1, 'Crossword/index.php', 1, 'join.jpeg'),
(11, 'Scrambled Shapes', 'Scrambled Shapes', 'http://localhost/ScrambledShapes/indexshapes.html', 'This is Scrambled Shapes game', 0, 0, 0, 0, 'Siva', 1, 'ScrambledShapes/indexshapes.html', 1, 'ScrambledShapes.png'),
(12, 'Bingo', 'Bingo Puzzle', 'http://localhost/bingo/Bingo.php', 'This is Bingo game', 0, 0, 0, 0, 'Siva', 1, 'bingo/Bingo.php', 1, 'bingo.png'),
(13, 'Word Match', 'Word Match', 'http://localhost/Word_Match/index.html', 'This is Word Match game', 0, 0, 0, 0, 'Siva', 1, 'Word_Match/index.html', 1, 'wordMatch.png'),
(14, '4Pics1Word', '4 Pics 1 Word', 'http://localhost/Rebus/index.php', 'This is 4 Pics 1 Word game', 0, 0, 0, 0, 'Siva', 1, 'Rebus/index.php', 1, '4pic1word.png'),
(15, 'Whats the Name', 'What is the Name', 'http://localhost/Whats/index.php', 'This is Name in Synonyms game', 0, 0, 0, 0, 'Siva', 1, 'Whats/index.php', 1, 'whats.png'),
(16, 'Quote Scrambler', 'Quote Scrambler', 'http://localhost/QSFL/Index.php', 'This is Quote Scrambler game', 0, 0, 0, 0, 'Siva', 1, 'QSFL/Index.php', 1, 'FindTheWords.GIF'),
(17, 'Text Analyzer', 'Text Analyzer', 'http://localhost/IndicTextAnalyzer/index.html', 'This is Text Analyzer game', 0, 0, 0, 0, 'Siva', 1, 'IndicTextAnalyzer/index.html', 1, 'IndicTextAnalyzer.png'),
(18, 'Is it a Pair', 'Is it a Pair', 'http://localhost/TestingLanguages/Index.html', 'This is Is it a Pair game', 0, 0, 0, 0, 'Siva', 1, 'TestingLanguages1/Index.html', 1, 'Test.png'),
(19, 'Drop Quote', 'Drop Quote', 'http://localhost/QSFL/Index.php', 'This is Drop Quote game', 0, 0, 0, 0, 'Siva', 1, 'QSFL/Index.php', 1, 'FindTheWords.GIF'),
(20, '7 little words', '7 little words', 'http://localhost/Wordoku/index.php', 'This is 7 Little Words game', 0, 0, 0, 0, 'Alieu', 1, 'Wordoku/index.php', 1, '7littlewords.png'),
(21, 'FillIn', 'Fill In', 'http://localhost/ScrambledShapes/indexshapes.html', 'This is FillIn game', 0, 0, 0, 0, 'Alieu', 1, 'ScrambledShapes/indexshapes.html', 1, 'fillIn.png'),
(22, 'Jumble', 'Jumble', 'http://localhost/Wordoku/index.php', 'This is Jumble game', 0, 0, 0, 0, 'Babatunde', 1, 'Wordoku/index.php', 1, 'jumble.png'),
(23, 'Pick n Assemble (PAW)', 'Pick n Assemble', 'http://localhost/Crossword/index.php', 'This is Pick and Assemble game', 0, 0, 0, 0, 'Siva', 1, 'Crossword/index.php', 1, 'picknassemble.png'),
(24, 'Word Ladder', 'Word Ladder', 'http://localhost/WordFind/index.html', 'This is Word Ladder game', 0, 0, 0, 0, 'Babatunde', 1, 'WordFind/index.html', 1, 'wordLadder.png'),
(25, 'Quiz Master', 'Quiz Master', 'http://localhost/Crossword/index.php', 'This is Quiz Master game', 0, 0, 0, 0, 'Alieu', 1, 'Crossword/index.php', 1, 'quiz.jpeg'),
(26, 'Text Twist', 'Text Twist', 'http://localhost/ScrambledShapes/indexshapes.html', 'This is Text Twist game', 0, 0, 0, 0, 'Babatunde', 1, 'ScrambledShapes/indexshapes.html', 1, 'textTwist.png'),
(27, 'Rank By X', 'Rank By X', 'http://localhost/bingo/Bingo.php', 'This is Rank By X game', 0, 0, 0, 0, 'Alieu', 1, 'bingo/Bingo.php', 1, 'RankByX.png'),
(28, 'Dabble Old', 'Old Dabble', 'http://llocalhost/Dabble/index.php', 'This is Old Dabble game', 0, 0, 0, 0, 'Babatunde', 1, 'Dabble/index.php', 1, 'dabble.png');

CREATE TABLE `puzzles` (
    `id` int(12) UNSIGNED NOT NULL AUTO_INCREMENT,
    `app_id` int(12) UNSIGNED NOT NULL,
    `author_id` int(12) UNSIGNED NOT NULL,
    `title` varchar(50) NOT NULL,
    `sub_title` varchar(100) DEFAULT NULL,
    `directions` mediumblob DEFAULT NULL,
    `puzzle_image` varchar(250),
    `solution_image` varchar(250),
    `notes` blob DEFAULT NULL,
    `keywords` varchar(300) DEFAULT NULL,
    PRIMARY KEY (id),
    CONSTRAINT `fk_puzzles_app_id`
        FOREIGN KEY (app_id) REFERENCES apps (id)
       ON DELETE RESTRICT,
    CONSTRAINT `fk_puzzles_author_id`
        FOREIGN KEY (author_id) REFERENCES users (id)
       ON DELETE RESTRICT
) AUTO_INCREMENT=2 ENGINE=InnoDB DEFAULT CHARSET=utf8;

INSERT INTO `puzzles` (`id`, `app_id`, `title`, `author_id`, `puzzle_image`, `solution_image`, `notes`, `keywords`) VALUES
(1, 1, 'vowel_changes_1', 2, 'vowel_changes (1).JPG', 'vowel_changes_sol (1).JPG', 'puzzles with the images 1', NULL),
(2, 1, 'vowel_changes_2', 2, 'vowel_changes (2).JPG', 'vowel_changes_sol (2).JPG', '', NULL),
(3, 1, 'vowel_changes_3', 2, 'vowel_changes (3).JPG', 'vowel_changes_sol (3).JPG', '', NULL),
(4, 1, 'vowel_changes_4', 2, 'vowel_changes (4).JPG', 'vowel_changes_sol (4).JPG', '', NULL),
(5, 1, 'vowel_changes_5', 2, 'vowel_changes (5).JPG', 'vowel_changes_sol (5).JPG', '', NULL),
(6, 1, 'vowel_changes_6', 2, 'vowel_changes (6).JPG', 'vowel_changes_sol (6).JPG', '', NULL),
(7, 1, 'vowel_changes_7', 2, 'vowel_changes (7).JPG', 'vowel_changes_sol (7).JPG', '', NULL),
(8, 1, 'vowel_changes_8', 2, 'vowel_changes (8).JPG', 'vowel_changes_sol (8).JPG', '', NULL),
(9, 1, 'vowel_changes_9', 2, 'vowel_changes (9).JPG', 'vowel_changes_sol (9).JPG', '', NULL),
(10, 1, 'vowel_changes_10', 2, 'vowel_changes (10).JPG', 'vowel_changes_sol (10).JPG', '', NULL),
(11, 1, 'vowel_changes_11', 2, 'vowel_changes (11).JPG', 'vowel_changes_sol (11).JPG', '', NULL),
(12, 1, 'vowel_changes_12', 2, 'vowel_changes (12).JPG', 'vowel_changes_sol (12).JPG', '', NULL),
(13, 1, 'vowel_changes_13', 2, 'vowel_changes (13).JPG', 'vowel_changes_sol (13).JPG', '', NULL),
(14, 1, 'vowel_changes_14', 2, 'vowel_changes (14).JPG', 'vowel_changes_sol (14).JPG', '', NULL),
(15, 1, 'vowel_changes_15', 2, 'vowel_changes (15).JPG', 'vowel_changes_sol (15).JPG', '', NULL),
(16, 1, 'vowel_changes_16', 2, 'vowel_changes (16).JPG', 'vowel_changes_sol (16).JPG', '', NULL),
(17, 1, 'vowel_changes_17', 2, 'vowel_changes (17).JPG', 'vowel_changes_sol (17).JPG', '', NULL),
(18, 1, 'vowel_changes_18', 2, 'vowel_changes (18).JPG', 'vowel_changes_sol (18).JPG', '', NULL),
(19, 1, 'vowel_changes_19', 2, 'vowel_changes (19).JPG', 'vowel_changes_sol (19).JPG', '', NULL),
(20, 1, 'vowel_changes_20', 2, 'vowel_changes (20).JPG', 'vowel_changes_sol (20).JPG', '', NULL),
(21, 1, 'vowel_changes_21', 2, 'vowel_changes (21).JPG', 'vowel_changes_sol (21).JPG', '', NULL),
(22, 1, 'vowel_changes_22', 2, 'vowel_changes (22).JPG', 'vowel_changes_sol (22).JPG', '', NULL),
(23, 1, 'vowel_changes_23', 2, 'vowel_changes (23).JPG', 'vowel_changes_sol (23).JPG', '', NULL),
(24, 1, 'vowel_changes_24', 2, 'vowel_changes (24).JPG', 'vowel_changes_sol (24).JPG', '', NULL),
(25, 1, 'vowel_changes_25', 2, 'vowel_changes (25).JPG', 'vowel_changes_sol (25).JPG', '', NULL),
(26, 1, 'vowel_changes_26', 2, 'vowel_changes (26).JPG', 'vowel_changes_sol (26).JPG', '', NULL),
(27, 1, 'vowel_changes_27', 2, 'vowel_changes (27).JPG', 'vowel_changes_sol (27).JPG', '', NULL),
(28, 1, 'vowel_changes_28', 2, 'vowel_changes (28).JPG', 'vowel_changes_sol (28).JPG', '', NULL),
(29, 1, 'vowel_changes_29', 2, 'vowel_changes (29).JPG', 'vowel_changes_sol (29).JPG', '', NULL),
(30, 1, 'vowel_changes_30', 2, 'vowel_changes (30).JPG', 'vowel_changes_sol (30).JPG', '', NULL),
(31, 1, 'vowel_changes_31', 2, 'vowel_changes (31).JPG', 'vowel_changes_sol (31).JPG', '', NULL),
(32, 1, 'vowel_changes_32', 2, 'vowel_changes (32).JPG', 'vowel_changes_sol (32).JPG', '', NULL),
(33, 1, 'vowel_changes_33', 2, 'vowel_changes (33).JPG', 'vowel_changes_sol (33).JPG', '', NULL),
(34, 1, 'vowel_changes_34', 2, 'vowel_changes (34).JPG', 'vowel_changes_sol (34).JPG', '', NULL),
(35, 1, 'vowel_changes_35', 2, 'vowel_changes (35).JPG', 'vowel_changes_sol (35).JPG', '', NULL),
(36, 1, 'vowel_changes_36', 2, 'vowel_changes (36).JPG', 'vowel_changes_sol (36).JPG', '', NULL),
(37, 1, 'vowel_changes_37', 2, 'vowel_changes (37).JPG', 'vowel_changes_sol (37).JPG', '', NULL),
(38, 1, 'vowel_changes_38', 2, 'vowel_changes (38).JPG', 'vowel_changes_sol (38).JPG', '', NULL),
(39, 1, 'vowel_changes_39', 2, 'vowel_changes (39).JPG', 'vowel_changes_sol (39).JPG', '', NULL),
(40, 1, 'vowel_changes_40', 2, 'vowel_changes (40).JPG', 'vowel_changes_sol (40).JPG', '', NULL),
(41, 1, 'vowel_changes_41', 2, 'vowel_changes (41).JPG', 'vowel_changes_sol (41).JPG', '', NULL),
(42, 1, 'vowel_changes_42', 2, 'vowel_changes (42).JPG', 'vowel_changes_sol (42).JPG', '', NULL),
(43, 1, 'vowel_changes_43', 2, 'vowel_changes (43).JPG', 'vowel_changes_sol (43).JPG', '', NULL),
(44, 1, 'vowel_changes_44', 2, 'vowel_changes (44).JPG', 'vowel_changes_sol (44).JPG', '', NULL),
(45, 1, 'vowel_changes_45', 2, 'vowel_changes (45).JPG', 'vowel_changes_sol (45).JPG', '', NULL),
(46, 1, 'vowel_changes_46', 2, 'vowel_changes (46).JPG', 'vowel_changes_sol (46).JPG', '', NULL),
(47, 1, 'vowel_changes_47', 2, 'vowel_changes (47).JPG', 'vowel_changes_sol (47).JPG', '', NULL),
(48, 1, 'vowel_changes_48', 2, 'vowel_changes (48).JPG', 'vowel_changes_sol (48).JPG', '', NULL),
(49, 1, 'vowel_changes_49', 2, 'vowel_changes (49).JPG', 'vowel_changes_sol (49).JPG', '', NULL),
(50, 1, 'vowel_changes_50', 2, 'vowel_changes (50).JPG', 'vowel_changes_sol (50).JPG', '', NULL),
(51, 1, 'vowel_changes_51', 2, 'vowel_changes (51).JPG', 'vowel_changes_sol (51).JPG', '', NULL),
(52, 1, 'vowel_changes_52', 2, 'vowel_changes (52).JPG', 'vowel_changes_sol (52).JPG', '', NULL),
(53, 1, 'vowel_changes_53', 2, 'vowel_changes (53).JPG', 'vowel_changes_sol (53).JPG', '', NULL),
(54, 1, 'vowel_changes_54', 2, 'vowel_changes (54).JPG', 'vowel_changes_sol (54).JPG', '', NULL),
(55, 1, 'vowel_changes_55', 2, 'vowel_changes (55).JPG', 'vowel_changes_sol (55).JPG', '', NULL),
(56, 1, 'vowel_changes_56', 2, 'vowel_changes (56).JPG', 'vowel_changes_sol (56).JPG', '', NULL),
(57, 1, 'vowel_changes_57', 2, 'vowel_changes (57).JPG', 'vowel_changes_sol (57).JPG', '', NULL),
(58, 1, 'vowel_changes_58', 2, 'vowel_changes (58).JPG', 'vowel_changes_sol (58).JPG', '', NULL),
(59, 1, 'vowel_changes_59', 2, 'vowel_changes (59).JPG', 'vowel_changes_sol (59).JPG', '', NULL),
(60, 1, 'vowel_changes_60', 2, 'vowel_changes (60).JPG', 'vowel_changes_sol (60).JPG', '', NULL),
(61, 1, 'vowel_changes_61', 2, 'vowel_changes (61).JPG', 'vowel_changes_sol (61).JPG', '', NULL),
(62, 1, 'vowel_changes_62', 2, 'vowel_changes (62).JPG', 'vowel_changes_sol (62).JPG', '', NULL),
(63, 1, 'vowel_changes_63', 2, 'vowel_changes (63).JPG', 'vowel_changes_sol (63).JPG', '', NULL),
(64, 1, 'vowel_changes_64', 2, 'vowel_changes (64).JPG', 'vowel_changes_sol (64).JPG', '', NULL),
(65, 1, 'vowel_changes_65', 2, 'vowel_changes (65).JPG', 'vowel_changes_sol (65).JPG', '', NULL),
(66, 1, 'vowel_changes_66', 2, 'vowel_changes (66).JPG', 'vowel_changes_sol (66).JPG', '', NULL),
(67, 1, 'vowel_changes_67', 2, 'vowel_changes (67).JPG', 'vowel_changes_sol (67).JPG', '', NULL),
(68, 1, 'vowel_changes_68', 2, 'vowel_changes (68).JPG', 'vowel_changes_sol (68).JPG', '', NULL),
(69, 1, 'vowel_changes_69', 2, 'vowel_changes (69).JPG', 'vowel_changes_sol (69).JPG', '', NULL),
(70, 1, 'vowel_changes_70', 2, 'vowel_changes (70).JPG', 'vowel_changes_sol (70).JPG', '', NULL),
(71, 1, 'vowel_changes_71', 2, 'vowel_changes (71).JPG', 'vowel_changes_sol (71).JPG', '', NULL),
(72, 1, 'vowel_changes_72', 2, 'vowel_changes (72).JPG', 'vowel_changes_sol (72).JPG', '', NULL),
(73, 1, 'vowel_changes_73', 2, 'vowel_changes (73).JPG', 'vowel_changes_sol (73).JPG', '', NULL),
(74, 1, 'vowel_changes_74', 2, 'vowel_changes (74).JPG', 'vowel_changes_sol (74).JPG', '', NULL),
(75, 1, 'vowel_changes_75', 2, 'vowel_changes (75).JPG', 'vowel_changes_sol (75).JPG', '', NULL),
(76, 1, 'vowel_changes_76', 2, 'vowel_changes (76).JPG', 'vowel_changes_sol (76).JPG', '', NULL),
(77, 1, 'vowel_changes_77', 2, 'vowel_changes (77).JPG', 'vowel_changes_sol (77).JPG', '', NULL),
(78, 1, 'vowel_changes_78', 2, 'vowel_changes (78).JPG', 'vowel_changes_sol (78).JPG', '', NULL),
(79, 1, 'vowel_changes_79', 2, 'vowel_changes (79).JPG', 'vowel_changes_sol (79).JPG', '', NULL),
(80, 1, 'vowel_changes_80', 2, 'vowel_changes (80).JPG', 'vowel_changes_sol (80).JPG', '', NULL),
(81, 1, 'vowel_changes_81', 2, 'vowel_changes (81).JPG', 'vowel_changes_sol (81).JPG', '', NULL),
(82, 1, 'vowel_changes_82', 2, 'vowel_changes (82).JPG', 'vowel_changes_sol (82).JPG', '', NULL),
(83, 1, 'vowel_changes_83', 2, 'vowel_changes (83).JPG', 'vowel_changes_sol (83).JPG', '', NULL),
(84, 1, 'vowel_changes_84', 2, 'vowel_changes (84).JPG', 'vowel_changes_sol (84).JPG', '', NULL),
(85, 1, 'vowel_changes_85', 2, 'vowel_changes (85).JPG', 'vowel_changes_sol (85).JPG', '', NULL),
(86, 1, 'vowel_changes_86', 2, 'vowel_changes (86).JPG', 'vowel_changes_sol (86).JPG', '', NULL),
(87, 1, 'vowel_changes_87', 2, 'vowel_changes (87).JPG', 'vowel_changes_sol (87).JPG', '', NULL),
(88, 1, 'vowel_changes_88', 2, 'vowel_changes (88).JPG', 'vowel_changes_sol (88).JPG', '', NULL),
(89, 1, 'vowel_changes_89', 2, 'vowel_changes (89).JPG', 'vowel_changes_sol (89).JPG', '', NULL),
(90, 1, 'vowel_changes_90', 2, 'vowel_changes (90).JPG', 'vowel_changes_sol (90).JPG', '', NULL),
(91, 1, 'vowel_changes_91', 2, 'vowel_changes (91).JPG', 'vowel_changes_sol (91).JPG', '', NULL),
(92, 1, 'vowel_changes_92', 2, 'vowel_changes (92).JPG', 'vowel_changes_sol (92).JPG', '', NULL),
(93, 1, 'vowel_changes_93', 2, 'vowel_changes (93).JPG', 'vowel_changes_sol (93).JPG', '', NULL),
(94, 1, 'vowel_changes_94', 2, 'vowel_changes (94).JPG', 'vowel_changes_sol (94).JPG', '', NULL),
(95, 1, 'vowel_changes_95', 2, 'vowel_changes (95).JPG', 'vowel_changes_sol (95).JPG', '', NULL),
(96, 1, 'vowel_changes_96', 2, 'vowel_changes (96).JPG', 'vowel_changes_sol (96).JPG', '', NULL),
(97, 1, 'vowel_changes_97', 2, 'vowel_changes (97).JPG', 'vowel_changes_sol (97).JPG', '', NULL),
(98, 1, 'vowel_changes_98', 2, 'vowel_changes (98).JPG', 'vowel_changes_sol (98).JPG', '', NULL),
(99, 1, 'vowel_changes_99', 2, 'vowel_changes (99).JPG', 'vowel_changes_sol (99).JPG', '', NULL),
(100, 1, 'vowel_changes_100', 2, 'vowel_changes (100).JPG', 'vowel_changes_sol (100).JPG', '', NULL),
(101, 6, 'word_search_1', 2, 'word_search_1.jpg', 'word_search_1_sol.jpg', 'this is the first puzzle', NULL),
(102, 6, 'word_search_2', 2, 'word_search_2.jpg', 'word_search_2_sol.jpg', '', NULL),
(103, 6, 'word_search_3', 2, 'word_search_3.jpg', 'word_search_3_sol.jpg', '', NULL),
(104, 6, 'word_search_4', 2, 'word_search_4.jpg', 'word_search_4_sol.jpg', '', NULL),
(105, 6, 'word_search_5', 2, 'word_search_5.jpg', 'word_search_5_sol.jpg', '', NULL),
(106, 6, 'word_search_6', 2, 'word_search_6.jpg', 'word_search_6_sol.jpg', '', NULL),
(107, 6, 'word_search_7', 2, 'word_search_7.jpg', 'word_search_7_sol.jpg', '', NULL),
(108, 6, 'word_search_8', 2, 'word_search_8.jpg', 'word_search_8_sol.jpg', '', NULL),
(109, 6, 'word_search_9', 2, 'word_search_9.jpg', 'word_search_9_sol.jpg', '', NULL),
(110, 6, 'word_search_10', 2, 'word_search_10.jpg', 'word_search_10_sol.jpg', '', NULL),
(111, 6, 'word_search_11', 2, 'word_search_11.jpg', 'word_search_11_sol.jpg', '', NULL),
(112, 6, 'word_search_12', 2, 'word_search_12.jpg', 'word_search_12_sol.jpg', '', NULL),
(113, 6, 'word_search_13', 2, 'word_search_13.jpg', 'word_search_13_sol.jpg', '', NULL),
(114, 6, 'word_search_14', 2, 'word_search_14.jpg', 'word_search_14_sol.jpg', '', NULL),
(115, 6, 'word_search_15', 2, 'word_search_15.jpg', 'word_search_15_sol.jpg', '', NULL),
(116, 6, 'word_search_16', 2, 'word_search_16.jpg', 'word_search_16_sol.jpg', '', NULL),
(117, 6, 'word_search_17', 2, 'word_search_17.jpg', 'word_search_17_sol.jpg', '', NULL),
(118, 6, 'word_search_18', 2, 'word_search_18.jpg', 'word_search_18_sol.jpg', '', NULL),
(119, 6, 'word_search_19', 2, 'word_search_19.jpg', 'word_search_19_sol.jpg', '', NULL),
(120, 6, 'word_search_20', 2, 'word_search_20.jpg', 'word_search_20_sol.jpg', '', NULL),
(121, 6, 'word_search_21', 2, 'word_search_21.jpg', 'word_search_21_sol.jpg', '', NULL),
(122, 6, 'word_search_22', 2, 'word_search_22.jpg', 'word_search_22_sol.jpg', '', NULL),
(123, 6, 'word_search_23', 2, 'word_search_23.jpg', 'word_search_23_sol.jpg', '', NULL),
(124, 6, 'word_search_24', 2, 'word_search_24.jpg', 'word_search_24_sol.jpg', '', NULL),
(125, 6, 'word_search_25', 2, 'word_search_25.jpg', 'word_search_25_sol.jpg', '', NULL),
(126, 6, 'word_search_26', 2, 'word_search_26.jpg', 'word_search_26_sol.jpg', '', NULL),
(127, 6, 'word_search_27', 2, 'word_search_27.jpg', 'word_search_27_sol.jpg', '', NULL),
(128, 6, 'word_search_28', 2, 'word_search_28.jpg', 'word_search_28_sol.jpg', '', NULL),
(129, 6, 'word_search_29', 2, 'word_search_29.jpg', 'word_search_29_sol.jpg', '', NULL),
(130, 6, 'word_search_30', 2, 'word_search_30.jpg', 'word_search_30_sol.jpg', '', NULL),
(131, 6, 'word_search_31', 2, 'word_search_31.jpg', 'word_search_31_sol.jpg', '', NULL),
(132, 6, 'word_search_32', 2, 'word_search_32.jpg', 'word_search_32_sol.jpg', '', NULL),
(133, 6, 'word_search_33', 2, 'word_search_33.jpg', 'word_search_33_sol.jpg', '', NULL),
(134, 6, 'word_search_34', 2, 'word_search_34.jpg', 'word_search_34_sol.jpg', '', NULL),
(135, 6, 'word_search_35', 2, 'word_search_35.jpg', 'word_search_35_sol.jpg', '', NULL),
(136, 6, 'word_search_36', 2, 'word_search_36.jpg', 'word_search_36_sol.jpg', '', NULL),
(137, 6, 'word_search_37', 2, 'word_search_37.jpg', 'word_search_37_sol.jpg', '', NULL),
(138, 6, 'word_search_38', 2, 'word_search_38.jpg', 'word_search_38_sol.jpg', '', NULL),
(139, 6, 'word_search_39', 2, 'word_search_39.jpg', 'word_search_39_sol.jpg', '', NULL),
(140, 6, 'word_search_40', 2, 'word_search_40.jpg', 'word_search_40_sol.jpg', '', NULL),
(141, 6, 'word_search_41', 2, 'word_search_41.jpg', 'word_search_41_sol.jpg', '', NULL),
(142, 6, 'word_search_42', 2, 'word_search_42.jpg', 'word_search_42_sol.jpg', '', NULL),
(143, 6, 'word_search_43', 2, 'word_search_43.jpg', 'word_search_43_sol.jpg', '', NULL),
(144, 6, 'word_search_44', 2, 'word_search_44.jpg', 'word_search_44_sol.jpg', '', NULL),
(145, 6, 'word_search_45', 2, 'word_search_45.jpg', 'word_search_45_sol.jpg', '', NULL),
(146, 6, 'word_search_46', 2, 'word_search_46.jpg', 'word_search_46_sol.jpg', '', NULL),
(147, 6, 'word_search_47', 2, 'word_search_47.jpg', 'word_search_47_sol.jpg', '', NULL),
(148, 6, 'word_search_48', 2, 'word_search_48.jpg', 'word_search_48_sol.jpg', '', NULL),
(149, 6, 'word_search_49', 2, 'word_search_49.jpg', 'word_search_49_sol.jpg', '', NULL),
(150, 6, 'word_search_50', 2, 'word_search_50.jpg', 'word_search_50_sol.jpg', '', NULL),
(151, 6, 'word_search_51', 2, 'word_search_51.jpg', 'word_search_51_sol.jpg', '', NULL),
(152, 6, 'word_search_52', 2, 'word_search_52.jpg', 'word_search_52_sol.jpg', '', NULL),
(153, 6, 'word_search_53', 2, 'word_search_53.jpg', 'word_search_53_sol.jpg', '', NULL),
(154, 6, 'word_search_54', 2, 'word_search_54.jpg', 'word_search_54_sol.jpg', '', NULL),
(155, 6, 'word_search_55', 2, 'word_search_55.jpg', 'word_search_55_sol.jpg', '', NULL),
(156, 6, 'word_search_56', 2, 'word_search_56.jpg', 'word_search_56_sol.jpg', '', NULL),
(157, 6, 'word_search_57', 2, 'word_search_57.jpg', 'word_search_57_sol.jpg', '', NULL),
(158, 6, 'word_search_58', 2, 'word_search_58.jpg', 'word_search_58_sol.jpg', '', NULL),
(159, 6, 'word_search_59', 2, 'word_search_59.jpg', 'word_search_59_sol.jpg', '', NULL),
(160, 6, 'word_search_60', 2, 'word_search_60.jpg', 'word_search_60_sol.jpg', '', NULL),
(161, 6, 'word_search_61', 2, 'word_search_61.jpg', 'word_search_61_sol.jpg', '', NULL),
(162, 6, 'word_search_62', 2, 'word_search_62.jpg', 'word_search_62_sol.jpg', '', NULL),
(163, 6, 'word_search_63', 2, 'word_search_63.jpg', 'word_search_63_sol.jpg', '', NULL),
(164, 6, 'word_search_64', 2, 'word_search_64.jpg', 'word_search_64_sol.jpg', '', NULL),
(165, 6, 'word_search_65', 2, 'word_search_65.jpg', 'word_search_65_sol.jpg', '', NULL),
(166, 6, 'word_search_66', 2, 'word_search_66.jpg', 'word_search_66_sol.jpg', '', NULL),
(167, 6, 'word_search_67', 2, 'word_search_67.jpg', 'word_search_67_sol.jpg', '', NULL),
(168, 6, 'word_search_68', 2, 'word_search_68.jpg', 'word_search_68_sol.jpg', '', NULL),
(169, 6, 'word_search_69', 2, 'word_search_69.jpg', 'word_search_69_sol.jpg', '', NULL),
(170, 6, 'word_search_70', 2, 'word_search_70.jpg', 'word_search_70_sol.jpg', '', NULL),
(171, 6, 'word_search_71', 2, 'word_search_71.jpg', 'word_search_71_sol.jpg', '', NULL),
(172, 6, 'word_search_72', 2, 'word_search_72.jpg', 'word_search_72_sol.jpg', '', NULL),
(173, 6, 'word_search_73', 2, 'word_search_73.jpg', 'word_search_73_sol.jpg', '', NULL),
(174, 6, 'word_search_74', 2, 'word_search_74.jpg', 'word_search_74_sol.jpg', '', NULL),
(175, 6, 'word_search_75', 2, 'word_search_75.jpg', 'word_search_75_sol.jpg', '', NULL),
(176, 6, 'word_search_76', 2, 'word_search_76.jpg', 'word_search_76_sol.jpg', '', NULL),
(177, 6, 'word_search_77', 2, 'word_search_77.jpg', 'word_search_77_sol.jpg', '', NULL),
(178, 6, 'word_search_78', 2, 'word_search_78.jpg', 'word_search_78_sol.jpg', '', NULL),
(179, 6, 'word_search_79', 2, 'word_search_79.jpg', 'word_search_79_sol.jpg', '', NULL),
(180, 6, 'word_search_80', 2, 'word_search_80.jpg', 'word_search_80_sol.jpg', '', NULL),
(181, 6, 'word_search_81', 2, 'word_search_81.jpg', 'word_search_81_sol.jpg', '', NULL),
(182, 6, 'word_search_82', 2, 'word_search_82.jpg', 'word_search_82_sol.jpg', '', NULL),
(183, 6, 'word_search_83', 2, 'word_search_83.jpg', 'word_search_83_sol.jpg', '', NULL),
(184, 6, 'word_search_84', 2, 'word_search_84.jpg', 'word_search_84_sol.jpg', '', NULL),
(185, 6, 'word_search_85', 2, 'word_search_85.jpg', 'word_search_85_sol.jpg', '', NULL),
(186, 6, 'word_search_86', 2, 'word_search_86.jpg', 'word_search_86_sol.jpg', '', NULL),
(187, 6, 'word_search_87', 2, 'word_search_87.jpg', 'word_search_87_sol.jpg', '', NULL),
(188, 6, 'word_search_88', 2, 'word_search_88.jpg', 'word_search_88_sol.jpg', '', NULL),
(189, 6, 'word_search_89', 2, 'word_search_89.jpg', 'word_search_89_sol.jpg', '', NULL),
(190, 6, 'word_search_90', 2, 'word_search_90.jpg', 'word_search_90_sol.jpg', '', NULL),
(191, 6, 'word_search_91', 2, 'word_search_91.jpg', 'word_search_91_sol.jpg', '', NULL),
(192, 6, 'word_search_92', 2, 'word_search_92.jpg', 'word_search_92_sol.jpg', '', NULL),
(193, 6, 'word_search_93', 2, 'word_search_93.jpg', 'word_search_93_sol.jpg', '', NULL),
(194, 6, 'word_search_94', 2, 'word_search_94.jpg', 'word_search_94_sol.jpg', '', NULL),
(195, 6, 'word_search_95', 2, 'word_search_95.jpg', 'word_search_95_sol.jpg', '', NULL),
(196, 6, 'word_search_96', 2, 'word_search_96.jpg', 'word_search_96_sol.jpg', '', NULL),
(197, 6, 'word_search_97', 2, 'word_search_97.jpg', 'word_search_97_sol.jpg', '', NULL),
(198, 6, 'word_search_98', 2, 'word_search_98.jpg', 'word_search_98_sol.jpg', '', NULL),
(199, 6, 'word_search_99', 2, 'word_search_99.jpg', 'word_search_99_sol.jpg', '', NULL),
(200, 6, 'word_search_100', 2, 'word_search_100.jpg', 'word_search_100_sol.jpg', 'this is the 100th puzzle', NULL),
(201, 3, 'cross_word_1', 2, 'cross_word_1.jpg', 'cross_word_1_sol.jpg', 'this is the first puzzle', NULL),
(202, 3, 'cross_word_2', 2, 'cross_word_2.jpg', 'cross_word_2_sol.jpg', '', NULL),
(203, 3, 'cross_word_3', 2, 'cross_word_3.jpg', 'cross_word_3_sol.jpg', '', NULL),
(204, 3, 'cross_word_4', 2, 'cross_word_4.jpg', 'cross_word_4_sol.jpg', '', NULL),
(205, 3, 'cross_word_5', 2, 'cross_word_5.jpg', 'cross_word_5_sol.jpg', '', NULL),
(206, 3, 'cross_word_6', 2, 'cross_word_6.jpg', 'cross_word_6_sol.jpg', '', NULL),
(207, 3, 'cross_word_7', 2, 'cross_word_7.jpg', 'cross_word_7_sol.jpg', '', NULL),
(208, 3, 'cross_word_8', 2, 'cross_word_8.jpg', 'cross_word_8_sol.jpg', '', NULL),
(209, 3, 'cross_word_9', 2, 'cross_word_9.jpg', 'cross_word_9_sol.jpg', '', NULL),
(210, 3, 'cross_word_10', 2, 'cross_word_10.jpg', 'cross_word_10_sol.jpg', '', NULL),
(211, 3, 'cross_word_11', 2, 'cross_word_11.jpg', 'cross_word_11_sol.jpg', '', NULL),
(212, 3, 'cross_word_12', 2, 'cross_word_12.jpg', 'cross_word_12_sol.jpg', '', NULL),
(213, 3, 'cross_word_13', 2, 'cross_word_13.jpg', 'cross_word_13_sol.jpg', '', NULL),
(214, 3, 'cross_word_14', 2, 'cross_word_14.jpg', 'cross_word_14_sol.jpg', '', NULL),
(215, 3, 'cross_word_15', 2, 'cross_word_15.jpg', 'cross_word_15_sol.jpg', '', NULL),
(216, 3, 'cross_word_16', 2, 'cross_word_16.jpg', 'cross_word_16_sol.jpg', '', NULL),
(217, 3, 'cross_word_17', 2, 'cross_word_17.jpg', 'cross_word_17_sol.jpg', '', NULL),
(218, 3, 'cross_word_18', 2, 'cross_word_18.jpg', 'cross_word_18_sol.jpg', '', NULL),
(219, 3, 'cross_word_19', 2, 'cross_word_19.jpg', 'cross_word_19_sol.jpg', '', NULL),
(220, 3, 'cross_word_20', 2, 'cross_word_20.jpg', 'cross_word_20_sol.jpg', '', NULL),
(221, 3, 'cross_word_21', 2, 'cross_word_21.jpg', 'cross_word_21_sol.jpg', '', NULL),
(222, 3, 'cross_word_22', 2, 'cross_word_22.jpg', 'cross_word_22_sol.jpg', '', NULL),
(223, 3, 'cross_word_23', 2, 'cross_word_23.jpg', 'cross_word_23_sol.jpg', '', NULL),
(224, 3, 'cross_word_24', 2, 'cross_word_24.jpg', 'cross_word_24_sol.jpg', '', NULL),
(225, 3, 'cross_word_25', 2, 'cross_word_25.jpg', 'cross_word_25_sol.jpg', '', NULL),
(226, 3, 'cross_word_26', 2, 'cross_word_26.jpg', 'cross_word_26_sol.jpg', '', NULL),
(227, 3, 'cross_word_27', 2, 'cross_word_27.jpg', 'cross_word_27_sol.jpg', '', NULL),
(228, 3, 'cross_word_28', 2, 'cross_word_28.jpg', 'cross_word_28_sol.jpg', '', NULL),
(229, 3, 'cross_word_29', 2, 'cross_word_29.jpg', 'cross_word_29_sol.jpg', '', NULL),
(230, 3, 'cross_word_30', 2, 'cross_word_30.jpg', 'cross_word_30_sol.jpg', '', NULL),
(231, 3, 'cross_word_31', 2, 'cross_word_31.jpg', 'cross_word_31_sol.jpg', '', NULL),
(232, 3, 'cross_word_32', 2, 'cross_word_32.jpg', 'cross_word_32_sol.jpg', '', NULL),
(233, 3, 'cross_word_33', 2, 'cross_word_33.jpg', 'cross_word_33_sol.jpg', '', NULL),
(234, 3, 'cross_word_34', 2, 'cross_word_34.jpg', 'cross_word_34_sol.jpg', '', NULL),
(235, 3, 'cross_word_35', 2, 'cross_word_35.jpg', 'cross_word_35_sol.jpg', '', NULL),
(236, 3, 'cross_word_36', 2, 'cross_word_36.jpg', 'cross_word_36_sol.jpg', '', NULL),
(237, 3, 'cross_word_37', 2, 'cross_word_37.jpg', 'cross_word_37_sol.jpg', '', NULL),
(238, 3, 'cross_word_38', 2, 'cross_word_38.jpg', 'cross_word_38_sol.jpg', '', NULL),
(239, 3, 'cross_word_39', 2, 'cross_word_39.jpg', 'cross_word_39_sol.jpg', '', NULL),
(240, 3, 'cross_word_40', 2, 'cross_word_40.jpg', 'cross_word_40_sol.jpg', '', NULL),
(241, 3, 'cross_word_41', 2, 'cross_word_41.jpg', 'cross_word_41_sol.jpg', '', NULL),
(242, 3, 'cross_word_42', 2, 'cross_word_42.jpg', 'cross_word_42_sol.jpg', '', NULL),
(243, 3, 'cross_word_43', 2, 'cross_word_43.jpg', 'cross_word_43_sol.jpg', '', NULL),
(244, 3, 'cross_word_44', 2, 'cross_word_44.jpg', 'cross_word_44_sol.jpg', '', NULL),
(245, 3, 'cross_word_45', 2, 'cross_word_45.jpg', 'cross_word_45_sol.jpg', '', NULL),
(246, 3, 'cross_word_46', 2, 'cross_word_46.jpg', 'cross_word_46_sol.jpg', '', NULL),
(247, 3, 'cross_word_47', 2, 'cross_word_47.jpg', 'cross_word_47_sol.jpg', '', NULL),
(248, 3, 'cross_word_48', 2, 'cross_word_48.jpg', 'cross_word_48_sol.jpg', '', NULL),
(249, 3, 'cross_word_49', 2, 'cross_word_49.jpg', 'cross_word_49_sol.jpg', '', NULL),
(250, 3, 'cross_word_50', 2, 'cross_word_50.jpg', 'cross_word_50_sol.jpg', '', NULL),
(251, 3, 'cross_word_51', 2, 'cross_word_51.jpg', 'cross_word_51_sol.jpg', '', NULL),
(252, 3, 'cross_word_52', 2, 'cross_word_52.jpg', 'cross_word_52_sol.jpg', '', NULL),
(253, 3, 'cross_word_53', 2, 'cross_word_53.jpg', 'cross_word_53_sol.jpg', '', NULL),
(254, 3, 'cross_word_54', 2, 'cross_word_54.jpg', 'cross_word_54_sol.jpg', '', NULL),
(255, 3, 'cross_word_55', 2, 'cross_word_55.jpg', 'cross_word_55_sol.jpg', '', NULL),
(256, 3, 'cross_word_56', 2, 'cross_word_56.jpg', 'cross_word_56_sol.jpg', '', NULL),
(257, 3, 'cross_word_57', 2, 'cross_word_57.jpg', 'cross_word_57_sol.jpg', '', NULL),
(258, 3, 'cross_word_58', 2, 'cross_word_58.jpg', 'cross_word_58_sol.jpg', '', NULL),
(259, 3, 'cross_word_59', 2, 'cross_word_59.jpg', 'cross_word_59_sol.jpg', '', NULL),
(260, 3, 'cross_word_60', 2, 'cross_word_60.jpg', 'cross_word_60_sol.jpg', '', NULL),
(261, 3, 'cross_word_61', 2, 'cross_word_61.jpg', 'cross_word_61_sol.jpg', '', NULL),
(262, 3, 'cross_word_62', 2, 'cross_word_62.jpg', 'cross_word_62_sol.jpg', '', NULL),
(263, 3, 'cross_word_63', 2, 'cross_word_63.jpg', 'cross_word_63_sol.jpg', '', NULL),
(264, 3, 'cross_word_64', 2, 'cross_word_64.jpg', 'cross_word_64_sol.jpg', '', NULL),
(265, 3, 'cross_word_65', 2, 'cross_word_65.jpg', 'cross_word_65_sol.jpg', '', NULL),
(266, 3, 'cross_word_66', 2, 'cross_word_66.jpg', 'cross_word_66_sol.jpg', '', NULL),
(267, 3, 'cross_word_67', 2, 'cross_word_67.jpg', 'cross_word_67_sol.jpg', '', NULL),
(268, 3, 'cross_word_68', 2, 'cross_word_68.jpg', 'cross_word_68_sol.jpg', '', NULL),
(269, 3, 'cross_word_69', 2, 'cross_word_69.jpg', 'cross_word_69_sol.jpg', '', NULL),
(270, 3, 'cross_word_70', 2, 'cross_word_70.jpg', 'cross_word_70_sol.jpg', '', NULL),
(271, 3, 'cross_word_71', 2, 'cross_word_71.jpg', 'cross_word_71_sol.jpg', '', NULL),
(272, 3, 'cross_word_72', 2, 'cross_word_72.jpg', 'cross_word_72_sol.jpg', '', NULL),
(273, 3, 'cross_word_73', 2, 'cross_word_73.jpg', 'cross_word_73_sol.jpg', '', NULL),
(274, 3, 'cross_word_74', 2, 'cross_word_74.jpg', 'cross_word_74_sol.jpg', '', NULL),
(275, 3, 'cross_word_75', 2, 'cross_word_75.jpg', 'cross_word_75_sol.jpg', '', NULL),
(276, 3, 'cross_word_76', 2, 'cross_word_76.jpg', 'cross_word_76_sol.jpg', '', NULL),
(277, 3, 'cross_word_77', 2, 'cross_word_77.jpg', 'cross_word_77_sol.jpg', '', NULL),
(278, 3, 'cross_word_78', 2, 'cross_word_78.jpg', 'cross_word_78_sol.jpg', '', NULL),
(279, 3, 'cross_word_79', 2, 'cross_word_79.jpg', 'cross_word_79_sol.jpg', '', NULL),
(280, 3, 'cross_word_80', 2, 'cross_word_80.jpg', 'cross_word_80_sol.jpg', '', NULL),
(281, 3, 'cross_word_81', 2, 'cross_word_81.jpg', 'cross_word_81_sol.jpg', '', NULL),
(282, 3, 'cross_word_82', 2, 'cross_word_82.jpg', 'cross_word_82_sol.jpg', '', NULL),
(283, 3, 'cross_word_83', 2, 'cross_word_83.jpg', 'cross_word_83_sol.jpg', '', NULL),
(284, 3, 'cross_word_84', 2, 'cross_word_84.jpg', 'cross_word_84_sol.jpg', '', NULL),
(285, 3, 'cross_word_85', 2, 'cross_word_85.jpg', 'cross_word_85_sol.jpg', '', NULL),
(286, 3, 'cross_word_86', 2, 'cross_word_86.jpg', 'cross_word_86_sol.jpg', '', NULL),
(287, 3, 'cross_word_87', 2, 'cross_word_87.jpg', 'cross_word_87_sol.jpg', '', NULL),
(288, 3, 'cross_word_88', 2, 'cross_word_88.jpg', 'cross_word_88_sol.jpg', '', NULL),
(289, 3, 'cross_word_89', 2, 'cross_word_89.jpg', 'cross_word_89_sol.jpg', '', NULL),
(290, 3, 'cross_word_90', 2, 'cross_word_90.jpg', 'cross_word_90_sol.jpg', '', NULL),
(291, 3, 'cross_word_91', 2, 'cross_word_91.jpg', 'cross_word_91_sol.jpg', '', NULL),
(292, 3, 'cross_word_92', 2, 'cross_word_92.jpg', 'cross_word_92_sol.jpg', '', NULL),
(293, 3, 'cross_word_93', 2, 'cross_word_93.jpg', 'cross_word_93_sol.jpg', '', NULL),
(294, 3, 'cross_word_94', 2, 'cross_word_94.jpg', 'cross_word_94_sol.jpg', '', NULL),
(295, 3, 'cross_word_95', 2, 'cross_word_95.jpg', 'cross_word_95_sol.jpg', '', NULL),
(296, 3, 'cross_word_96', 2, 'cross_word_96.jpg', 'cross_word_96_sol.jpg', '', NULL),
(297, 3, 'cross_word_97', 2, 'cross_word_97.jpg', 'cross_word_97_sol.jpg', '', NULL),
(298, 3, 'cross_word_98', 2, 'cross_word_98.jpg', 'cross_word_98_sol.jpg', '', NULL),
(299, 3, 'cross_word_99', 2, 'cross_word_99.jpg', 'cross_word_99_sol.jpg', '', NULL),
(300, 3, 'cross_word_100', 2, 'cross_word_100.jpg', 'cross_word_100_sol.jpg', 'this is the 100th puzzle', NULL);

CREATE TABLE `books` (
    `id` int(12) UNSIGNED NOT NULL AUTO_INCREMENT,
    `author_id` int(12) UNSIGNED NOT NULL,
    `sponsor_id` int(12) UNSIGNED,
    `title` varchar(100) NOT NULL,
    `description` varchar(150),
    `front_cover` varchar(500),
    `back_cover` varchar(500),
    `notes` varchar(1000) DEFAULT NULL,
    `keywords` varchar(1000) DEFAULT NULL,
    PRIMARY KEY (id),
    CONSTRAINT `fk_books_author_id`
        FOREIGN KEY (author_id) REFERENCES users (id)
        ON DELETE RESTRICT
) AUTO_INCREMENT=5 ENGINE=InnoDB DEFAULT CHARSET=utf8;

INSERT INTO `books` (`id`, `author_id`, `sponsor_id`, `title`, `description`, `front_cover`, `back_cover`, `notes`, `keywords`) VALUES
(1, 2, 5, 'Book Name', 'Such a good puzzle book', 'dabble.png', 'dabble.png', 'Book notes', 'book'),
(2, 2, 5, 'Easy Crosswords V1', 'Easy crosswords you can finish in minutes!', 'crosswords.png', 'crosswords.png', '', NULL),
(3, 2, 5, 'English Vowel Changes', 'Those crazy vowels!', 'vowels.png', 'vowels.png', '', NULL),
(4, 2, 5, 'Word Find Book 10', 'Find them all!', 'wordfind.gif', 'wordfind.gif', '', NULL);


CREATE TABLE `books_puzzles` (
    `book_id` int(12) UNSIGNED NOT NULL,
    `puzzle_id` int(12) UNSIGNED NOT NULL,
     FOREIGN KEY (book_id) REFERENCES books (id),
     FOREIGN KEY (puzzle_id) REFERENCES puzzles (id),
     PRIMARY KEY (book_id, puzzle_id)
) ENGINE=InnoDB DEFAULT CHARSET=utf8;

INSERT INTO `books_puzzles` (`book_id`, `puzzle_id`) VALUES
(2, 201),(2, 202),(2, 203),(2, 204),(2, 205),(2, 206),(2, 207),(2, 208),(2, 209),(2, 210),
(3, 1),(3, 2),(3, 3),(3, 4),(3, 5),(3, 6),(3, 7),(3, 8),(3, 9),(3, 10),
(4, 101),(4, 102),(4, 103),(4, 104),(4, 105),(4, 106),(4, 107),(4, 108),(4, 109),(4, 110);

CREATE TABLE `users_books` (
    `user_id` int(12) UNSIGNED NOT NULL,
    `book_id` int(12) UNSIGNED NOT NULL,
    FOREIGN KEY (user_id) REFERENCES users (id),
    FOREIGN KEY (book_id) REFERENCES books (id),
    PRIMARY KEY (user_id, book_id)
) ENGINE=InnoDB DEFAULT CHARSET=utf8;

INSERT INTO `users_books` (`user_id`, `book_id`) VALUES
(1, 1), (2, 2), (3, 3);

CREATE TABLE `users_apps` (
    `user_id` int(12) UNSIGNED NOT NULL,
    `app_id` int(12) UNSIGNED NOT NULL,
    FOREIGN KEY (user_id) REFERENCES users (id),
    FOREIGN KEY (app_id) REFERENCES books (id),
    PRIMARY KEY (user_id, app_id)
) ENGINE=InnoDB DEFAULT CHARSET=utf8;

INSERT INTO `users_apps` (`user_id`, `app_id`) VALUES
(1, 1), (1, 2), (1, 3), (2, 4), (2, 5), (2, 6), (3, 7), (3, 8);